<?xml version="1.0" encoding="UTF-8" standalone="yes"?>
<addon id="service.subtitles.tusubtitulo"
       name="TuSubtitulo.com"
       version="1.2.1"
       provider-name="josecurioso">
  <requires>
    <import addon="xbmc.python" version="2.25.0"/>
    <import addon="script.module.beautifulsoup4" version="4.5.3"/>
  </requires>
  <extension point="xbmc.subtitle.module" library="service.py" />
  <extension point="xbmc.addon.metadata">
    <summary lang="en">TuSubtitulo.com (unofficial)</summary>
    <description lang="en_GB">Search and download subtitles from TuSubtitulo.com</description>
    <disclaimer lang="en_GB">This is not an official work from the site admins</disclaimer>
	<language>es en</language>
    <platform>all</platform>
    <license>GNU GENERAL PUBLIC LICENSE. Version 2, June 1991</license>
    <forum></forum>
    <website></website>
    <email></email>
    <source>https://github.com/josecurioso2/service.subtitles.tusubtitulo</source>
  </extension>
</addon>
