﻿<?xml version="1.0" encoding="UTF-8" standalone="yes"?>
<addon id="repository.josecurioso.kodi" name="Josecurioso's addons" version="1.0.1" provider-name="josecurioso">
	<extension point="xbmc.addon.repository" name="Josecurioso's addons">
		<info compressed="false">http://raw.github.com/josecurioso/repository.josecurioso.kodi/master/addons.xml</info>
		<checksum>http://raw.github.com/josecurioso/repository.josecurioso.kodi/master/addons.xml.md5</checksum>
		<datadir zip="true">http://raw.github.com/josecurioso/repository.josecurioso.kodi/master/zips/</datadir>
	</extension>
	<extension point="xbmc.addon.metadata">
		<summary>Addon repository by josecurioso</summary>
		<description></description>
		<disclaimer></disclaimer>
		<platform>all</platform>
	</extension>
</addon>